{
    "height_off": 1295.44796165822,
    "height_scale": 1414.21349967473,
    "lat_off": 37.9464987672977,
    "lat_scale": 0.0138071448187154,
    "line_den_coeff": [
        1.0,
        0.0,
        0.0,
        0.0,
        0.0,
        0.0,
        0.0,
        0.0,
        0.0,
        0.0,
        0.0,
        0.0,
        0.0,
        0.0,
        0.0,
        0.0,
        0.0,
        0.0,
        0.0,
        0.0
    ],
    "line_num_coeff": [
        2.61615857042317e-05,
        -0.348180929700282,
        0.336137145645054,
        -0.873661064935013,
        5.95560905286877e-05,
        -0.00970929650243309,
        -0.00230088875398668,
        0.000133531598849617,
        0.000114040916205664,
        -0.0155607441452781,
        -4.92502712801629e-05,
        1.04244838877332e-06,
        1.2315246528298e-06,
        -0.000536451197991969,
        1.30584155133743e-07,
        3.0414430538561e-07,
        -0.000130660637177416,
        -0.000101704520104626,
        -2.0913663135294e-06,
        -0.000589340615873109
    ],
    "line_off": 8000.0,
    "line_scale": 10135.2961273365,
    "long_off": -119.721700906928,
    "long_scale": 0.0174356932864772,
    "samp_den_coeff": [
        1.0,
        0.0,
        0.0,
        0.0,
        0.0,
        0.0,
        0.0,
        0.0,
        0.0,
        0.0,
        0.0,
        0.0,
        0.0,
        0.0,
        0.0,
        0.0,
        0.0,
        0.0,
        0.0,
        0.0
    ],
    "samp_num_coeff": [
        2.76829628924643e-05,
        -0.228052603314385,
        -0.236226493094936,
        -0.943050309391352,
        3.67511447126871e-05,
        -0.0102428427297528,
        -0.00256629236946647,
        8.83320606426472e-05,
        0.00012240347412587,
        -0.0164656499327983,
        -5.21201683634828e-05,
        1.10090343019484e-06,
        1.29905184150321e-06,
        -0.000567647507708109,
        1.48089237011221e-07,
        3.27534890226553e-07,
        -0.000138258960583384,
        -0.000107630681585824,
        -2.21244621846808e-06,
        -0.000623612610132421
    ],
    "samp_off": 8000.0,
    "samp_scale": 14938.7478352144,
    "err_bias": -1.0,
    "err_rand": -1.0
}