{
    "height_off": 1295.44796165822,
    "height_scale": 1414.21349967461,
    "lat_off": 37.9464987672977,
    "lat_scale": 0.0138071445807858,
    "line_den_coeff": [
        1.0,
        0.0,
        0.0,
        0.0,
        0.0,
        0.0,
        0.0,
        0.0,
        0.0,
        0.0,
        0.0,
        0.0,
        0.0,
        0.0,
        0.0,
        0.0,
        0.0,
        0.0,
        0.0,
        0.0
    ],
    "line_num_coeff": [
        7.42393725705074e-07,
        -0.522416380683806,
        -0.0674222307263506,
        -0.849908655380662,
        9.74645722922852e-05,
        -0.00459935843309731,
        -0.00116687758360638,
        0.000103637735732191,
        0.000110889721841739,
        -0.00255163924816547,
        -1.12057816535921e-05,
        5.85870623214324e-07,
        5.99798505294025e-07,
        -5.41435753654643e-05,
        1.26485331363213e-07,
        1.5116681236458e-07,
        -1.38563050044191e-05,
        -2.30942790766985e-05,
        -8.47723791748516e-07,
        -2.25876894312468e-05
    ],
    "line_off": 8000.0,
    "line_scale": 9312.01640412786,
    "long_off": -119.721700906928,
    "long_scale": 0.0174356937411434,
    "samp_den_coeff": [
        1.0,
        0.0,
        0.0,
        0.0,
        0.0,
        0.0,
        0.0,
        0.0,
        0.0,
        0.0,
        0.0,
        0.0,
        0.0,
        0.0,
        0.0,
        0.0,
        0.0,
        0.0,
        0.0,
        0.0
    ],
    "samp_num_coeff": [
        1.65617850596173e-07,
        0.125518881963728,
        -0.972574009674244,
        -0.195793436114134,
        -2.35537431176164e-05,
        -0.000972477845839072,
        -0.000473207452661798,
        -6.56654315652937e-05,
        2.44202250749005e-05,
        -0.000569245615106511,
        -2.50997058726352e-06,
        1.26965917400323e-07,
        1.26756666963633e-07,
        -1.20788990259282e-05,
        4.48319853832218e-08,
        4.29457050329535e-08,
        -3.09120532538817e-06,
        -5.17176390161292e-06,
        -1.88939173852358e-07,
        -5.03909129359199e-06
    ],
    "samp_off": 8000.0,
    "samp_scale": 5001.93276808782,
    "err_bias": -1.0,
    "err_rand": -1.0
}