{
    "height_off": 1295.44796165822,
    "height_scale": 1414.21349967465,
    "lat_off": 37.9464987672977,
    "lat_scale": 0.0138071446522533,
    "line_den_coeff": [
        1.0,
        0.0,
        0.0,
        0.0,
        0.0,
        0.0,
        0.0,
        0.0,
        0.0,
        0.0,
        0.0,
        0.0,
        0.0,
        0.0,
        0.0,
        0.0,
        0.0,
        0.0,
        0.0,
        0.0
    ],
    "line_num_coeff": [
        0.000205312693490591,
        0.135628216140658,
        0.399008782082687,
        -0.900901712090131,
        -5.47334791743338e-05,
        0.0166751640492956,
        0.00344785783412292,
        8.46080408887024e-05,
        0.000116220576668961,
        -0.0341582453587464,
        -0.000130851083546696,
        5.03222396335445e-08,
        -1.89162250404824e-06,
        0.00193527500266199,
        9.22803828459483e-07,
        -4.22792020132426e-07,
        0.000394077245623588,
        -0.000303457779622541,
        -4.128788611623e-06,
        -0.0026790134063435
    ],
    "line_off": 8000.0,
    "line_scale": 11638.8454669712,
    "long_off": -119.721700906928,
    "long_scale": 0.0174356942664326,
    "samp_den_coeff": [
        1.0,
        0.0,
        0.0,
        0.0,
        0.0,
        0.0,
        0.0,
        0.0,
        0.0,
        0.0,
        0.0,
        0.0,
        0.0,
        0.0,
        0.0,
        0.0,
        0.0,
        0.0,
        0.0,
        0.0
    ],
    "samp_num_coeff": [
        -0.000216170140128412,
        -0.246984014075549,
        0.0839791973988983,
        0.95910874527037,
        7.71235700408966e-05,
        -0.0175800548414061,
        -0.00351811500772125,
        -4.32917692786619e-05,
        -0.000123153495875308,
        0.0359646186632235,
        0.000137775150062715,
        -5.13754442664519e-08,
        1.99469147710718e-06,
        -0.00203761717706818,
        -9.80172850199415e-07,
        4.40293954876702e-07,
        -0.00041491703433559,
        0.000319515522913078,
        4.34682253571441e-06,
        0.00282068632453565
    ],
    "samp_off": 8000.0,
    "samp_scale": 18801.3016244511,
    "err_bias": -1.0,
    "err_rand": -1.0
}