{
    "height_off": 1295.44796165822,
    "height_scale": 1414.2134996747,
    "lat_off": 37.9464987672977,
    "lat_scale": 0.0138071447278414,
    "line_den_coeff": [
        1.0,
        0.0,
        0.0,
        0.0,
        0.0,
        0.0,
        0.0,
        0.0,
        0.0,
        0.0,
        0.0,
        0.0,
        0.0,
        0.0,
        0.0,
        0.0,
        0.0,
        0.0,
        0.0,
        0.0
    ],
    "line_num_coeff": [
        2.19570113361219e-05,
        0.254579822570571,
        0.131469315855476,
        -0.956762647362198,
        -5.18148240320536e-05,
        0.0095581398887736,
        0.00199780251743184,
        0.000127164949729745,
        0.000124904526667006,
        -0.0156113163385943,
        -4.12469856392996e-05,
        -1.07712159433192e-06,
        -1.22625137559314e-06,
        0.000490110573673398,
        -1.7628542241956e-07,
        -2.566662462694e-07,
        0.000101823569654975,
        -9.04872691376488e-05,
        -5.97172245737733e-10,
        -0.000547356826928398
    ],
    "line_off": 8000.0,
    "line_scale": 17119.3500499815,
    "long_off": -119.721700906928,
    "long_scale": 0.0174356940355036,
    "samp_den_coeff": [
        1.0,
        0.0,
        0.0,
        0.0,
        0.0,
        0.0,
        0.0,
        0.0,
        0.0,
        0.0,
        0.0,
        0.0,
        0.0,
        0.0,
        0.0,
        0.0,
        0.0,
        0.0,
        0.0,
        0.0
    ],
    "samp_num_coeff": [
        -1.55252847906044e-05,
        -0.3353289920962,
        0.649341573084665,
        0.681650005590552,
        6.57020758048462e-05,
        -0.00679272439075012,
        -0.00124756327398996,
        -2.11319079964202e-05,
        -8.8115996577227e-05,
        0.011038394416475,
        2.91712349735318e-05,
        7.64004569444144e-07,
        8.71578702347358e-07,
        -0.000346545653337273,
        1.11775943862908e-07,
        1.74333597740003e-07,
        -7.19970499901525e-05,
        6.39966474796835e-05,
        2.72827358225251e-10,
        0.00038702313189453
    ],
    "samp_off": 8000.0,
    "samp_scale": 6711.81792374321,
    "err_bias": -1.0,
    "err_rand": -1.0
}