{
    "height_off": 1295.44796165822,
    "height_scale": 1414.21349967465,
    "lat_off": 37.9464987672977,
    "lat_scale": 0.0138071446368154,
    "line_den_coeff": [
        1.0,
        0.0,
        0.0,
        0.0,
        0.0,
        0.0,
        0.0,
        0.0,
        0.0,
        0.0,
        0.0,
        0.0,
        0.0,
        0.0,
        0.0,
        0.0,
        0.0,
        0.0,
        0.0,
        0.0
    ],
    "line_num_coeff": [
        2.92406522437746e-05,
        0.272428076975378,
        0.0830974261196063,
        -0.957006195968335,
        -5.65420266251931e-05,
        0.0107242798331184,
        0.00217022626848843,
        0.000119047823554815,
        0.000124798385600398,
        -0.016968106818804,
        -5.03693179471707e-05,
        -1.13993751567832e-06,
        -1.36857864634763e-06,
        0.00059937150025035,
        -1.46970429287188e-07,
        -2.79505764492728e-07,
        0.000121122230270521,
        -0.000114878633191957,
        -4.29972907150878e-07,
        -0.000649329609949172
    ],
    "line_off": 8000.0,
    "line_scale": 17221.657151302,
    "long_off": -119.721700906928,
    "long_scale": 0.0174356943122056,
    "samp_den_coeff": [
        1.0,
        0.0,
        0.0,
        0.0,
        0.0,
        0.0,
        0.0,
        0.0,
        0.0,
        0.0,
        0.0,
        0.0,
        0.0,
        0.0,
        0.0,
        0.0,
        0.0,
        0.0,
        0.0,
        0.0
    ],
    "samp_num_coeff": [
        -9.38642712438688e-06,
        -0.277279369494614,
        0.909041669309376,
        0.310556902206632,
        5.36725422896225e-05,
        -0.00348458833124138,
        -0.000488617881431821,
        4.88984073811364e-05,
        -3.93982648560609e-05,
        0.00544686677412467,
        1.61767589051057e-05,
        3.68856803640131e-07,
        4.4485276600658e-07,
        -0.000192401942344612,
        3.08770496751261e-08,
        8.07118682215155e-08,
        -3.88809817577728e-05,
        3.68960358189023e-05,
        1.37926612133403e-07,
        0.000208438803208962
    ],
    "samp_off": 8000.0,
    "samp_scale": 5161.14177993931,
    "err_bias": -1.0,
    "err_rand": -1.0
}