{
    "height_off": 1295.44796165822,
    "height_scale": 1414.21349967461,
    "lat_off": 37.9464987672977,
    "lat_scale": 0.013807144575513,
    "line_den_coeff": [
        1.0,
        0.0,
        0.0,
        0.0,
        0.0,
        0.0,
        0.0,
        0.0,
        0.0,
        0.0,
        0.0,
        0.0,
        0.0,
        0.0,
        0.0,
        0.0,
        0.0,
        0.0,
        0.0,
        0.0
    ],
    "line_num_coeff": [
        1.14381241911876e-06,
        0.488090134442061,
        0.0671068393480836,
        -0.870056584655087,
        -9.16913086891146e-05,
        0.00521635408383703,
        0.000977071067570907,
        0.000118540071941082,
        0.000113691477993876,
        -0.00334461472683396,
        -1.22794600433429e-05,
        -6.62959805564481e-07,
        -6.80320282115964e-07,
        7.47221670991281e-05,
        -1.42103270177391e-07,
        -1.26059165392628e-07,
        1.40754223184712e-05,
        -2.90189040792061e-05,
        -1.6452234770986e-07,
        -3.53338389932834e-05
    ],
    "line_off": 8000.0,
    "line_scale": 9955.9126934317,
    "long_off": -119.721700906928,
    "long_scale": 0.0174356944810065,
    "samp_den_coeff": [
        1.0,
        0.0,
        0.0,
        0.0,
        0.0,
        0.0,
        0.0,
        0.0,
        0.0,
        0.0,
        0.0,
        0.0,
        0.0,
        0.0,
        0.0,
        0.0,
        0.0,
        0.0,
        0.0,
        0.0
    ],
    "samp_num_coeff": [
        1.14679879458322e-07,
        -0.135688139320267,
        0.986904277694632,
        -0.0872123727604478,
        2.53553768004139e-05,
        0.000482107474871301,
        0.000315882498838549,
        0.000103591553465654,
        1.25490018349783e-05,
        -0.000335325869681934,
        -1.22343846131769e-06,
        -6.3617817238972e-08,
        -6.28289099860959e-08,
        7.49152825936412e-06,
        -3.14079857322112e-08,
        -2.20771532058523e-08,
        1.41117994019793e-06,
        -2.88908605218125e-06,
        -1.6495268313428e-08,
        -3.54251572433597e-06
    ],
    "samp_off": 8000.0,
    "samp_scale": 4923.86414464174,
    "err_bias": -1.0,
    "err_rand": -1.0
}