{
    "height_off": 1295.44796165822,
    "height_scale": 1414.21349967463,
    "lat_off": 37.9464987672977,
    "lat_scale": 0.0138071445660861,
    "line_den_coeff": [
        1.0,
        0.0,
        0.0,
        0.0,
        0.0,
        0.0,
        0.0,
        0.0,
        0.0,
        0.0,
        0.0,
        0.0,
        0.0,
        0.0,
        0.0,
        0.0,
        0.0,
        0.0,
        0.0,
        0.0
    ],
    "line_num_coeff": [
        1.28537632587808e-06,
        -0.493452711660453,
        -0.0228761476542821,
        -0.869306285295553,
        9.18614498634053e-05,
        -0.00530032201491397,
        -0.00131579395309621,
        0.00010994653613055,
        0.000113459926419164,
        -0.00353933009217401,
        -1.45238709549349e-05,
        6.72824830859622e-07,
        6.90548631353457e-07,
        -7.96460235194266e-05,
        1.42676957072287e-07,
        1.71415502510082e-07,
        -2.001141414999e-05,
        -3.01981901091003e-05,
        -9.91870219759104e-07,
        -3.91151446233987e-05
    ],
    "line_off": 8000.0,
    "line_scale": 9929.69264381605,
    "long_off": -119.721700906928,
    "long_scale": 0.0174356938149209,
    "samp_den_coeff": [
        1.0,
        0.0,
        0.0,
        0.0,
        0.0,
        0.0,
        0.0,
        0.0,
        0.0,
        0.0,
        0.0,
        0.0,
        0.0,
        0.0,
        0.0,
        0.0,
        0.0,
        0.0,
        0.0,
        0.0
    ],
    "samp_num_coeff": [
        4.87488462021803e-07,
        0.0435914213133285,
        -0.940293312675197,
        -0.337499779868425,
        -8.33824271506088e-06,
        -0.00195911232924895,
        -0.000706154322241016,
        -4.44522917933981e-05,
        4.29546138634139e-05,
        -0.00134232513919477,
        -5.51791810014084e-06,
        2.51614078015325e-07,
        2.55174758667325e-07,
        -3.02065240508455e-05,
        7.02328021825837e-08,
        7.39836360131908e-08,
        -7.58952218988188e-06,
        -1.14720293671796e-05,
        -3.75949690601085e-07,
        -1.48347966010816e-05
    ],
    "samp_off": 8000.0,
    "samp_scale": 5210.96313649854,
    "err_bias": -1.0,
    "err_rand": -1.0
}