{
    "height_off": 1295.44796165822,
    "height_scale": 1414.21349967459,
    "lat_off": 37.9464987672977,
    "lat_scale": 0.0138071445672501,
    "line_den_coeff": [
        1.0,
        0.0,
        0.0,
        0.0,
        0.0,
        0.0,
        0.0,
        0.0,
        0.0,
        0.0,
        0.0,
        0.0,
        0.0,
        0.0,
        0.0,
        0.0,
        0.0,
        0.0,
        0.0,
        0.0
    ],
    "line_num_coeff": [
        1.40127904504255e-07,
        -0.668512679284867,
        -0.038137480010827,
        -0.742688093268415,
        0.000125032406627898,
        -0.00294148805627325,
        -0.00078346621153439,
        9.28968143933005e-05,
        9.69412931000205e-05,
        -0.000558118468605752,
        -5.15978141090402e-06,
        3.72816695920048e-07,
        3.84131894975711e-07,
        -1.50652708938473e-05,
        8.27815810595074e-08,
        1.01713885184327e-07,
        -4.15565689030523e-06,
        -1.04215953735468e-05,
        -6.08492870438724e-07,
        -2.46720171497522e-06
    ],
    "line_off": 8000.0,
    "line_scale": 7325.41704113803,
    "long_off": -119.721700906928,
    "long_scale": 0.0174356938077305,
    "samp_den_coeff": [
        1.0,
        0.0,
        0.0,
        0.0,
        0.0,
        0.0,
        0.0,
        0.0,
        0.0,
        0.0,
        0.0,
        0.0,
        0.0,
        0.0,
        0.0,
        0.0,
        0.0,
        0.0,
        0.0,
        0.0
    ],
    "samp_num_coeff": [
        4.18046331189026e-08,
        0.0553749767619248,
        -0.970668990926778,
        -0.233945724118334,
        -1.03816342918201e-05,
        -0.000821184025387762,
        -0.000447029332976092,
        -6.0431298685173e-05,
        2.9408957657663e-05,
        -0.000166516669965123,
        -1.55004144762102e-06,
        1.07298171568006e-07,
        1.07182814547747e-07,
        -4.49477821637726e-06,
        4.11930295204937e-08,
        3.95867843873776e-08,
        -1.23985530873479e-06,
        -3.12883683678195e-06,
        -1.81187126545758e-07,
        -7.36098567276527e-07
    ],
    "samp_off": 8000.0,
    "samp_scale": 5045.11215715981,
    "err_bias": -1.0,
    "err_rand": -1.0
}