{
    "height_off": 1295.44796165822,
    "height_scale": 1414.21349967473,
    "lat_off": 37.9464987672977,
    "lat_scale": 0.0138071448011424,
    "line_den_coeff": [
        1.0,
        0.0,
        0.0,
        0.0,
        0.0,
        0.0,
        0.0,
        0.0,
        0.0,
        0.0,
        0.0,
        0.0,
        0.0,
        0.0,
        0.0,
        0.0,
        0.0,
        0.0,
        0.0,
        0.0
    ],
    "line_num_coeff": [
        1.60634999458483e-07,
        0.544062070773332,
        0.432470950597008,
        -0.718965330280994,
        -0.000101861498891684,
        0.00301423319212533,
        0.000538068599384075,
        0.000133821254355197,
        9.44016765657062e-05,
        -0.000699815498508609,
        -4.34927927422556e-06,
        -3.8375125096474e-07,
        -3.93674776649743e-07,
        1.72574523043429e-05,
        -8.199511124355e-08,
        -6.17253842449411e-08,
        2.70583852222361e-06,
        -1.11894190583178e-05,
        -1.07045579623903e-07,
        -3.3499283216475e-06
    ],
    "line_off": 8000.0,
    "line_scale": 7057.62223276864,
    "long_off": -119.721700906928,
    "long_scale": 0.017435693805577,
    "samp_den_coeff": [
        1.0,
        0.0,
        0.0,
        0.0,
        0.0,
        0.0,
        0.0,
        0.0,
        0.0,
        0.0,
        0.0,
        0.0,
        0.0,
        0.0,
        0.0,
        0.0,
        0.0,
        0.0,
        0.0,
        0.0
    ],
    "samp_num_coeff": [
        -1.0744122420509e-07,
        -0.535358177101854,
        0.673497398104114,
        0.509673948992389,
        0.000100215470193656,
        -0.00205405943995836,
        -0.000145841630088928,
        -3.17175194231916e-06,
        -6.57686218570079e-05,
        0.000468078218829986,
        2.91618996822119e-06,
        2.59321942371979e-07,
        2.68308417475171e-07,
        -1.15428102871347e-05,
        3.86873390255998e-08,
        3.20087652700296e-08,
        -1.80982569648311e-06,
        7.50326380779517e-06,
        7.07625864587164e-08,
        2.24063125587539e-06
    ],
    "samp_off": 8000.0,
    "samp_scale": 5701.26099963699,
    "err_bias": -1.0,
    "err_rand": -1.0
}