{
    "height_off": 1295.44796165822,
    "height_scale": 1414.21349967463,
    "lat_off": 37.9464987672977,
    "lat_scale": 0.0138071445745754,
    "line_den_coeff": [
        1.0,
        0.0,
        0.0,
        0.0,
        0.0,
        0.0,
        0.0,
        0.0,
        0.0,
        0.0,
        0.0,
        0.0,
        0.0,
        0.0,
        0.0,
        0.0,
        0.0,
        0.0,
        0.0,
        0.0
    ],
    "line_num_coeff": [
        6.15494017314987e-07,
        -0.520959972103848,
        -0.0531234663691194,
        -0.851826115956455,
        9.76861206590456e-05,
        -0.00430293894664084,
        0.000806846171988176,
        0.00010532275656569,
        0.000111176178899361,
        -0.00255868480845379,
        8.71663464433142e-06,
        5.48551100004492e-07,
        5.61571086784404e-07,
        -4.90843448380762e-05,
        -1.23733132034116e-07,
        -1.06197106927712e-07,
        9.51525184222702e-06,
        -1.98127738179145e-05,
        -6.62136400293323e-08,
        -2.17475921173761e-05
    ],
    "line_off": 8000.0,
    "line_scale": 9366.92157395704,
    "long_off": -119.721700906928,
    "long_scale": 0.0174356937697395,
    "samp_den_coeff": [
        1.0,
        0.0,
        0.0,
        0.0,
        0.0,
        0.0,
        0.0,
        0.0,
        0.0,
        0.0,
        0.0,
        0.0,
        0.0,
        0.0,
        0.0,
        0.0,
        0.0,
        0.0,
        0.0,
        0.0
    ],
    "samp_num_coeff": [
        -3.1262768097331e-07,
        0.0909618263907104,
        -0.892025250176688,
        0.442687243223948,
        -1.71230353191307e-05,
        0.00214712342948929,
        -0.000614140462663666,
        -0.000140785747159113,
        -5.8859094291292e-05,
        0.0012996193732371,
        -4.42017015474396e-06,
        -2.75942598372347e-07,
        -2.80176726639027e-07,
        2.49311541803645e-05,
        7.91814868601063e-08,
        6.27877228201646e-08,
        -4.83303203713381e-06,
        1.00440722686415e-05,
        3.33404992209935e-08,
        1.10461405410612e-05
    ],
    "samp_off": 8000.0,
    "samp_scale": 5470.46292995312,
    "err_bias": -1.0,
    "err_rand": -1.0
}