{
    "height_off": 1295.44796165822,
    "height_scale": 1414.2134996747,
    "lat_off": 37.9464987672977,
    "lat_scale": 0.0138071447303005,
    "line_den_coeff": [
        1.0,
        0.0,
        0.0,
        0.0,
        0.0,
        0.0,
        0.0,
        0.0,
        0.0,
        0.0,
        0.0,
        0.0,
        0.0,
        0.0,
        0.0,
        0.0,
        0.0,
        0.0,
        0.0,
        0.0
    ],
    "line_num_coeff": [
        1.68581080480585e-07,
        0.587407405338606,
        0.307127591259047,
        -0.748709913300488,
        -0.000109976567347021,
        0.00313100505834481,
        0.000551649588861449,
        0.000125954633849516,
        9.81387831465638e-05,
        -0.000723410314230646,
        -4.61696728077362e-06,
        -3.98304775113179e-07,
        -4.08925950119715e-07,
        1.7977591316906e-05,
        -8.58757348710487e-08,
        -6.59246873952355e-08,
        2.94032735178154e-06,
        -1.16791049468096e-05,
        -1.28250636209899e-07,
        -3.48035609851954e-06
    ],
    "line_off": 8000.0,
    "line_scale": 7399.97037976504,
    "long_off": -119.721700906928,
    "long_scale": 0.0174356940278638,
    "samp_den_coeff": [
        1.0,
        0.0,
        0.0,
        0.0,
        0.0,
        0.0,
        0.0,
        0.0,
        0.0,
        0.0,
        0.0,
        0.0,
        0.0,
        0.0,
        0.0,
        0.0,
        0.0,
        0.0,
        0.0,
        0.0
    ],
    "samp_num_coeff": [
        -7.54544702759471e-08,
        -0.433566627545551,
        0.829232636169502,
        0.35267692591677,
        8.11576241904042e-05,
        -0.00143920371258103,
        -3.19885949769661e-05,
        3.17883683142209e-05,
        -4.50824750033246e-05,
        0.000323794849129135,
        2.07363113317993e-06,
        1.80913000784495e-07,
        1.88004936078432e-07,
        -8.04668022702756e-06,
        2.19393886538768e-08,
        2.01950677487809e-08,
        -1.31607587182254e-06,
        5.24702911310185e-06,
        5.68945288253828e-08,
        1.55779004173056e-06
    ],
    "samp_off": 8000.0,
    "samp_scale": 5241.95141050146,
    "err_bias": -1.0,
    "err_rand": -1.0
}