{
    "height_off": 1295.44796165822,
    "height_scale": 1414.21349967464,
    "lat_off": 37.9464987672977,
    "lat_scale": 0.0138071445638104,
    "line_den_coeff": [
        1.0,
        0.0,
        0.0,
        0.0,
        0.0,
        0.0,
        0.0,
        0.0,
        0.0,
        0.0,
        0.0,
        0.0,
        0.0,
        0.0,
        0.0,
        0.0,
        0.0,
        0.0,
        0.0,
        0.0
    ],
    "line_num_coeff": [
        7.18572666145886e-08,
        -0.725410488484444,
        0.00790510078537763,
        -0.68824992291847,
        0.000135709500820856,
        -0.00241927619314838,
        -0.000662356922614972,
        9.01841474427973e-05,
        8.98887443761521e-05,
        -0.000157972581814245,
        -3.75236824447657e-06,
        3.04577963418328e-07,
        3.16028722791891e-07,
        -8.63918711099798e-06,
        6.91987212308041e-08,
        8.67876668196074e-08,
        -2.53019314906794e-06,
        -7.41209761969711e-06,
        -5.35289634728799e-07,
        -5.33216724527709e-07
    ],
    "line_off": 8000.0,
    "line_scale": 6761.42052237352,
    "long_off": -119.721700906928,
    "long_scale": 0.0174356938406954,
    "samp_den_coeff": [
        1.0,
        0.0,
        0.0,
        0.0,
        0.0,
        0.0,
        0.0,
        0.0,
        0.0,
        0.0,
        0.0,
        0.0,
        0.0,
        0.0,
        0.0,
        0.0,
        0.0,
        0.0,
        0.0,
        0.0
    ],
    "samp_num_coeff": [
        2.71212536126074e-08,
        -0.0104649451154548,
        -0.960314216175678,
        -0.278716131339918,
        1.94500678639888e-06,
        -0.000854908346897133,
        -0.000464193698891687,
        -5.36273656105223e-05,
        3.52685311349594e-05,
        -5.96307358180303e-05,
        -1.42738292098079e-06,
        1.10905914815375e-07,
        1.11620113536325e-07,
        -3.26107910274397e-06,
        4.25262615308353e-08,
        4.20401809771253e-08,
        -9.55085225096504e-07,
        -2.81729347033351e-06,
        -2.0150922945271e-07,
        -2.01276113869144e-07
    ],
    "samp_off": 8000.0,
    "samp_scale": 5107.50025011926,
    "err_bias": -1.0,
    "err_rand": -1.0
}