{
    "height_off": 1295.44796165822,
    "height_scale": 1414.21349967462,
    "lat_off": 37.9464987672977,
    "lat_scale": 0.0138071445650979,
    "line_den_coeff": [
        1.0,
        0.0,
        0.0,
        0.0,
        0.0,
        0.0,
        0.0,
        0.0,
        0.0,
        0.0,
        0.0,
        0.0,
        0.0,
        0.0,
        0.0,
        0.0,
        0.0,
        0.0,
        0.0,
        0.0
    ],
    "line_num_coeff": [
        2.88348408617367e-06,
        -0.437953845477392,
        0.0167180388043246,
        -0.898545626902986,
        8.10016070366032e-05,
        -0.00640911618232346,
        -0.0015642317800467,
        0.0001164670231145,
        0.000117286520762204,
        -0.00564369003410215,
        -2.06310908460526e-05,
        8.04182859116683e-07,
        8.33032667994963e-07,
        -0.000138384847291774,
        1.65240063963381e-07,
        2.04438817082429e-07,
        -3.4188787449956e-05,
        -4.3029645445751e-05,
        -1.18637616616621e-06,
        -8.70597082128642e-05
    ],
    "line_off": 8000.0,
    "line_scale": 11191.8772642773,
    "long_off": -119.721700906928,
    "long_scale": 0.0174356938453033,
    "samp_den_coeff": [
        1.0,
        0.0,
        0.0,
        0.0,
        0.0,
        0.0,
        0.0,
        0.0,
        0.0,
        0.0,
        0.0,
        0.0,
        0.0,
        0.0,
        0.0,
        0.0,
        0.0,
        0.0,
        0.0,
        0.0
    ],
    "samp_num_coeff": [
        1.60881852711769e-06,
        -0.0328053642047341,
        -0.859388107550335,
        -0.510105553296299,
        5.60772172201915e-06,
        -0.00352908772276242,
        -0.00106589487583792,
        -1.51582760599576e-05,
        6.55625638909807e-05,
        -0.0031488604460689,
        -1.15197853404659e-05,
        4.45423583933326e-07,
        4.58621817563949e-07,
        -7.72109327981849e-05,
        1.07191118964542e-07,
        1.22432460978864e-07,
        -1.90754134139735e-05,
        -2.40258563612012e-05,
        -6.616763354808e-07,
        -4.85744025650682e-05
    ],
    "samp_off": 8000.0,
    "samp_scale": 5703.50728816417,
    "err_bias": -1.0,
    "err_rand": -1.0
}