{
    "height_off": 1295.44796165822,
    "height_scale": 1414.21349967461,
    "lat_off": 37.9464987672977,
    "lat_scale": 0.0138071445645557,
    "line_den_coeff": [
        1.0,
        0.0,
        0.0,
        0.0,
        0.0,
        0.0,
        0.0,
        0.0,
        0.0,
        0.0,
        0.0,
        0.0,
        0.0,
        0.0,
        0.0,
        0.0,
        0.0,
        0.0,
        0.0,
        0.0
    ],
    "line_num_coeff": [
        1.32047507942182e-06,
        -0.454226131013194,
        0.0136548012541716,
        -0.890608081183709,
        8.5397509503877e-05,
        -0.00520218574905862,
        0.00100834344355357,
        0.000116143819895425,
        0.000116311548339744,
        -0.00405125864791999,
        1.24345376497607e-05,
        6.61116127334318e-07,
        6.78325830400029e-07,
        -8.34784364070429e-05,
        -1.46789997748367e-07,
        -1.3116504346197e-07,
        1.64019910646743e-05,
        -2.80675418916738e-05,
        -3.78219170704327e-08,
        -4.69729281616195e-05
    ],
    "line_off": 8000.0,
    "line_scale": 10793.9218632974,
    "long_off": -119.721700906928,
    "long_scale": 0.0174356938444495,
    "samp_den_coeff": [
        1.0,
        0.0,
        0.0,
        0.0,
        0.0,
        0.0,
        0.0,
        0.0,
        0.0,
        0.0,
        0.0,
        0.0,
        0.0,
        0.0,
        0.0,
        0.0,
        0.0,
        0.0,
        0.0,
        0.0
    ],
    "samp_num_coeff": [
        -4.52785621453882e-07,
        -0.0285734331869658,
        -0.950492533248933,
        0.309371507342177,
        5.21006296750385e-06,
        0.0017429863563013,
        -0.000556036836587703,
        -0.000128837435615176,
        -4.15156886917096e-05,
        0.00138915075019772,
        -4.25605493962558e-06,
        -2.23847620469042e-07,
        -2.2722337943067e-07,
        2.86242233862985e-05,
        6.69900728114503e-08,
        5.40825708598791e-08,
        -5.62413811720064e-06,
        9.60447349749002e-06,
        1.28531170324287e-08,
        1.61067174538178e-05
    ],
    "samp_off": 8000.0,
    "samp_scale": 5158.25349133942,
    "err_bias": -1.0,
    "err_rand": -1.0
}