{
    "height_off": 1295.44796165822,
    "height_scale": 1414.21349967461,
    "lat_off": 37.9464987672977,
    "lat_scale": 0.0138071445676009,
    "line_den_coeff": [
        1.0,
        0.0,
        0.0,
        0.0,
        0.0,
        0.0,
        0.0,
        0.0,
        0.0,
        0.0,
        0.0,
        0.0,
        0.0,
        0.0,
        0.0,
        0.0,
        0.0,
        0.0,
        0.0,
        0.0
    ],
    "line_num_coeff": [
        5.41487563895981e-06,
        -0.389326637654439,
        -0.0233259914835532,
        -0.920335295615345,
        7.42438972123713e-05,
        -0.00746784049894225,
        0.00144961833821329,
        0.000114125290486267,
        0.000120101880023053,
        -0.00785743376997444,
        2.46376451338527e-05,
        9.19769489957686e-07,
        9.69751380349488e-07,
        -0.000211593658389684,
        -1.8274190023391e-07,
        -1.89222600114545e-07,
        4.15725629277933e-05,
        -5.70885946092951e-05,
        -1.96760094501031e-07,
        -0.000156458042028796
    ],
    "line_off": 8000.0,
    "line_scale": 12576.3650057081,
    "long_off": -119.721700906928,
    "long_scale": 0.0174356938056793,
    "samp_den_coeff": [
        1.0,
        0.0,
        0.0,
        0.0,
        0.0,
        0.0,
        0.0,
        0.0,
        0.0,
        0.0,
        0.0,
        0.0,
        0.0,
        0.0,
        0.0,
        0.0,
        0.0,
        0.0,
        0.0,
        0.0
    ],
    "samp_num_coeff": [
        -3.04983609338501e-06,
        0.0509671767622858,
        -0.850680982852459,
        0.522941880480208,
        -1.03202540463598e-05,
        0.00416886425497667,
        -0.00100852507891657,
        -0.000145697000813674,
        -6.92592902607507e-05,
        0.00442556098573141,
        -1.3869716494226e-05,
        -5.1544616645338e-07,
        -5.41291577835306e-07,
        0.000119176396104145,
        1.18161741033141e-07,
        1.14893536103557e-07,
        -2.34150128443333e-05,
        3.21361178771879e-05,
        1.10688691127071e-07,
        8.81222326399345e-05
    ],
    "samp_off": 8000.0,
    "samp_scale": 5755.76055299181,
    "err_bias": -1.0,
    "err_rand": -1.0
}