{
    "height_off": 1295.44796165822,
    "height_scale": 1414.21349967472,
    "lat_off": 37.9464987672977,
    "lat_scale": 0.0138071447362152,
    "line_den_coeff": [
        1.0,
        0.0,
        0.0,
        0.0,
        0.0,
        0.0,
        0.0,
        0.0,
        0.0,
        0.0,
        0.0,
        0.0,
        0.0,
        0.0,
        0.0,
        0.0,
        0.0,
        0.0,
        0.0,
        0.0
    ],
    "line_num_coeff": [
        1.6682295977488e-07,
        -0.591051770071084,
        0.309107290778864,
        -0.745018740839327,
        0.000110657992322073,
        -0.00312748458640012,
        0.000550486526728288,
        0.000125661004241173,
        9.76590324183533e-05,
        -0.000690429341339197,
        4.61979377470281e-06,
        3.97801979342626e-07,
        4.08467729595677e-07,
        -1.77236012919665e-05,
        -8.56156244675199e-08,
        -6.57351357438154e-08,
        2.89284411611336e-06,
        -1.17110186669498e-05,
        -1.36880476892682e-07,
        -3.29628854206842e-06
    ],
    "line_off": 8000.0,
    "line_scale": 7353.96344661693,
    "long_off": -119.721700906928,
    "long_scale": 0.017435693438289,
    "samp_den_coeff": [
        1.0,
        0.0,
        0.0,
        0.0,
        0.0,
        0.0,
        0.0,
        0.0,
        0.0,
        0.0,
        0.0,
        0.0,
        0.0,
        0.0,
        0.0,
        0.0,
        0.0,
        0.0,
        0.0,
        0.0
    ],
    "samp_num_coeff": [
        7.43337165154555e-08,
        -0.434176536686019,
        -0.830199771871495,
        -0.349638660128007,
        8.12714032500529e-05,
        -0.00143140578254639,
        3.00920043870339e-05,
        -3.22731499312961e-05,
        4.46845422471197e-05,
        -0.000307651221798618,
        2.06565902846436e-06,
        1.79894450819277e-07,
        1.86987189713521e-07,
        -7.89753167799754e-06,
        -2.16326235878495e-08,
        -1.99668088830184e-08,
        1.28903419402832e-06,
        -5.23790302445038e-06,
        -6.04802829441575e-08,
        -1.46880663469756e-06
    ],
    "samp_off": 8000.0,
    "samp_scale": 5235.57485109167,
    "err_bias": -1.0,
    "err_rand": -1.0
}